{
  "model_name": "Model V2",
  "accuracy": 0.7899219304471257,
  "precision": 0.6291390728476821,
  "recall": 0.5080213903743316,
  "f1_score": 0.5621301775147929,
  "roc_auc": 0.8300653594771243,
  "timestamp": "2025-11-15T17:46:27.939640"
}