{
  "model_name": "Model V1",
  "accuracy": 0.7970191625266146,
  "precision": 0.6506849315068494,
  "recall": 0.5080213903743316,
  "f1_score": 0.5705705705705706,
  "roc_auc": 0.8357126249709369,
  "timestamp": "2025-11-15T17:46:26.817481"
}